id,first_name,last_name,email,headline,location,summary,experience,education,skills,linkedin_url,prep_notes,interests,last_active,is_online,mutual_connections,chat_available
018198ee-0829-47e8-b9db-4f76053a559e,Angela,Robbins,angela.robbins@example.com,Energy manager,"Amytown, Cayman Islands",Remain week morning use consumer suddenly. Forget feel purpose table democratic adult. If cause such important blood.,"Radiation protection practitioner; Games developer; Editor, commissioning",Responsibility arrive after either.,"me, time, indeed, dinner",https://www.linkedin.com/in/angelarobbins,Myself instead almost thing administration. Authority candidate president seem get throw specific.,"Data Science, UX/UI Design",2025-10-27T08:53:39.364274,True,3,True
32bb2a63-0a1b-41fc-940a-79360a1ba376,Kathy,Riley,kathy.riley@example.com,Best boy,"New Brianhaven, Tuvalu",Thus he fill value choice growth. Strong lose determine page where say. Fact animal student pay long population another.,"Doctor, general practice; Waste management officer; Best boy",Necessary then training need fear hospital.,"ground, foot, safe, term, vote, memory, level",https://www.linkedin.com/in/kathyriley,Every few other opportunity. Movement media sense treatment.,"Product Management, Startups, Artificial Intelligence, Data Science",2025-10-22T11:50:39.364602,False,37,True
796c016f-0066-4f7c-9958-544fc32d9a7b,Harold,Snyder,harold.snyder@example.com,Child psychotherapist,"West Robert, Ireland",Conference establish president charge school hair. Recently position his term push gun cause popular. Doctor former experience house contain down as.,"Scientist, water quality",Be them natural local size all.,"her, rock, marriage, never",https://www.linkedin.com/in/haroldsnyder,Program similar everything likely cell affect modern.,"Web Development, Mobile Development, Data Science",2025-10-24T03:16:39.364920,False,6,True
aab9dbc7-9690-444e-9145-be507b12f654,Todd,Morales,todd.morales@example.com,Personal assistant,"Lake Colleen, Antigua and Barbuda",Way own similar artist road but mean easy. Glass six anything management law.,Learning mentor; Product manager; Archivist,Rock know federal.,"finally, player, only, surface, kind, floor",https://www.linkedin.com/in/toddmorales,Rest how ask draw allow. Property along make size.,"Data Science, UX/UI Design, Mobile Development, Cloud Computing, Startups",2025-10-27T13:57:39.365321,False,4,False
3d27d741-b4a0-4e0f-af69-0717a0a18a40,John,Jackson,john.jackson@example.com,Gaffer,"Averyview, Papua New Guinea",Whatever open might reveal boy people no. Account value improve game. Care develop third.,Lobbyist; Multimedia specialist; Data processing manager,Vote trip perhaps.,"believe, usually, bar, action, son",https://www.linkedin.com/in/johnjackson,Through occur student white main thought author.,"Product Management, Startups",2025-10-27T01:08:39.365558,True,33,True
e5680b83-f096-4c44-afa7-5b58172acaee,Michael,Smith,michael.smith@example.com,Communications engineer,"Randybury, Czech Republic",Small likely current how. Social week notice however require. Top task myself seek. Wide late major make last already less.,Software engineer; Clinical embryologist,Lawyer learn machine room discussion ago.,"standard, off, social, reflect",https://www.linkedin.com/in/michaelsmith,Speech smile thought man themselves white. Game treatment field skill assume also picture.,"Mobile Development, Product Management",2025-10-23T14:07:39.365785,False,16,True
0ae5a93b-5fd2-4e7a-8cfd-fcfd0003b77b,Justin,Matthews,justin.matthews@example.com,"Teacher, English as a foreign language","Wallaceberg, Lesotho",Message time unit save card person. Person three across detail however.,Research scientist (physical sciences),Center heavy trip activity debate office involve.,"draw, college, bag, wife",https://www.linkedin.com/in/justinmatthews,Other approach cost fight.,"UX/UI Design, Cloud Computing, Web Development",2025-10-24T00:01:39.365997,False,8,True
e2d8c555-b3b7-4320-8392-225bba35a95a,Michael,Vincent,michael.vincent@example.com,Dietitian,"Frankmouth, Cyprus",Attention citizen assume the event up. Put wear reveal walk see door. So between end shoulder determine receive.,"Chemist, analytical; Civil engineer, consulting",Skin from experience month.,"play, its, because",https://www.linkedin.com/in/michaelvincent,Radio several voice camera. Goal write fill cell research.,"DevOps, Product Management, Web Development",2025-10-24T23:59:39.366206,False,4,False
46ad948f-b144-4961-adae-7dfde2f9958a,Raymond,Edwards,raymond.edwards@example.com,Information systems manager,"Whiteside, Fiji",Child would thousand left by such anyone share. Law manage left take company wait prepare.,"Engineer, maintenance",Catch our strategy sport follow significant.,"physical, modern, very, college",https://www.linkedin.com/in/raymondedwards,Couple grow set recently opportunity far newspaper nothing.,"Data Science, DevOps, Cloud Computing, Web Development, Cybersecurity",2025-10-22T00:58:39.366409,True,8,True
f49669f6-b14a-4ecc-adb1-499362b1cd74,Nicholas,Tran,nicholas.tran@example.com,Podiatrist,"South Brittneyland, Guernsey",Executive likely machine yet. Work fact take.,Theatre stage manager,Oil seem market lose official couple truth.,"development, work, tonight, six, moment, study",https://www.linkedin.com/in/nicholastran,Discussion positive see glass style see out.,"Mobile Development, Startups, Product Management",2025-10-21T05:07:39.366619,False,8,True
9b78814f-01e9-4fb2-9ddf-ae18635f3929,Stephanie,Hart,stephanie.hart@example.com,Pharmacologist,"Lake Travisborough, Namibia",Cold day rock simple set among market general. New keep dark item. Company need international hand bring.,Youth worker,Someone possible loss author poor upon many.,"art, record, people, amount, new",https://www.linkedin.com/in/stephaniehart,Story plant by south. During among down race history.,"Product Management, Data Science",2025-10-21T15:36:39.366813,False,13,True
c076d15d-dcc5-4ba7-8c14-25526476538d,Stephanie,Garcia,stephanie.garcia@example.com,Site engineer,"West Lorihaven, Belize",Right every such fine. Among unit forget door Republican five.,"Animal nutritionist; Education officer, museum",Data cost identify here receive someone role.,"mother, into, spend, hour",https://www.linkedin.com/in/stephaniegarcia,Measure wonder bank. Peace school carry hour song large business.,"Cloud Computing, Startups",2025-10-26T16:00:39.367018,True,11,True
58f721c7-703e-4bba-8d8f-10d0e99ee778,Joe,Mcintyre,joe.mcintyre@example.com,Audiological scientist,"Loganmouth, Italy",Current trade wish program official left there. Must brother former group public measure week.,Chief Technology Officer,Animal score of south model.,"detail, traditional, surface, computer",https://www.linkedin.com/in/joemcintyre,Network difference exist gas else talk baby. Research yourself alone culture.,"Startups, Web Development, Blockchain",2025-10-19T21:35:39.367218,False,17,True
1b58e40e-2d9b-406c-80ff-2e8e4e67c37b,Michael,Collins,michael.collins@example.com,"Engineer, petroleum","West Travis, Palestinian Territory",And early choose report benefit will lay. Drop send relationship green ground necessary imagine. Color increase see cost cover.,Air traffic controller; Printmaker,Involve TV relate.,"history, large, expert, hope, key, whole",https://www.linkedin.com/in/michaelcollins,Senior create yard across off.,"Mobile Development, Data Science",2025-10-23T12:17:39.367430,False,2,True
62467c76-1244-4797-80ff-557064cdee6d,Aaron,Roach,aaron.roach@example.com,Waste management officer,"West Micheleshire, Myanmar",Across near civil hope heavy. Show article style husband. Huge yes family assume.,Financial adviser; Proofreader,Film land lead likely before question arrive.,"material, glass, century",https://www.linkedin.com/in/aaronroach,Do may determine local course. Hope difficult show rich hotel.,"DevOps, Cybersecurity, Blockchain",2025-10-22T15:15:39.367629,False,31,False
